event_id,timestamp,region,anomaly_type,severity,score,status,affected_assets
ANM-0002,2026-09-25 23:14,منطقه ۲۱ (تهرانسر),افزایش ناگهانی نرخ بازگشت ترانس در منطقه,متوسط,0.871,در حال بررسی,22
ANM-0004,2026-09-24 15:14,منطقه ۲۰ (شهرری),کاهش غیرعادی امتیاز سلامت دسته‌ای,بالا,0.845,در حال بررسی,34
ANM-0006,2026-09-24 15:14,منطقه ۸ (تهران‌نو),افزایش ناگهانی نرخ بازگشت ترانس در منطقه,بالا,0.967,حل شده,30
ANM-0008,2026-09-24 10:14,منطقه ۱ (تجریش/نیاوران),هزینه تعمیر بالاتر از حد آستانه,پایین,0.74,جدید,10
ANM-0021,2026-09-22 02:14,منطقه ۱۵ (خاوران),عدم تطابق موجودی انبار با سوابق,بحرانی,0.79,جدید,32
ANM-0023,2026-09-21 14:14,منطقه ۹ (مهرآباد),تاخیر در تصمیم‌گیری بیش از SLA,بحرانی,0.684,در حال بررسی,16
ANM-0005,2026-09-21 11:14,منطقه ۲۱ (تهرانسر),هزینه تعمیر بالاتر از حد آستانه,پایین,0.878,جدید,4
ANM-0018,2026-09-21 02:14,منطقه ۴ (تهرانپارس),افزایش زمان چرخه لجستیک معکوس,پایین,0.671,در حال بررسی,31
ANM-0010,2026-09-20 18:14,منطقه ۶ (یوسف‌آباد),تاخیر در تصمیم‌گیری بیش از SLA,متوسط,0.66,در حال بررسی,23
ANM-0007,2026-09-19 09:14,منطقه ۸ (تهران‌نو),افزایش ناگهانی نرخ بازگشت ترانس در منطقه,بالا,0.715,حل شده,37
ANM-0016,2026-09-18 15:14,منطقه ۱۳ (پیروزی),کاهش غیرعادی امتیاز سلامت دسته‌ای,بحرانی,0.757,در حال بررسی,36
ANM-0028,2026-09-17 07:14,منطقه ۴ (تهرانپارس),افزایش ناگهانی نرخ بازگشت ترانس در منطقه,بحرانی,0.715,جدید,20
ANM-0012,2026-09-16 09:14,منطقه ۱۷ (آذری),تاخیر در تصمیم‌گیری بیش از SLA,متوسط,0.938,در حال بررسی,20
ANM-0022,2026-09-15 06:14,منطقه ۶ (یوسف‌آباد),افزایش ناگهانی نرخ بازگشت ترانس در منطقه,متوسط,0.89,در حال بررسی,25
ANM-0025,2026-09-15 00:14,منطقه ۱۵ (خاوران),هزینه تعمیر بالاتر از حد آستانه,بحرانی,0.841,در حال بررسی,30
ANM-0026,2026-09-14 02:14,منطقه ۷ (بهار/شریعتی),افزایش زمان چرخه لجستیک معکوس,متوسط,0.835,حل شده,36
ANM-0009,2026-09-13 16:14,منطقه ۲ (سعادت‌آباد),افزایش ناگهانی نرخ بازگشت ترانس در منطقه,بالا,0.645,در حال بررسی,20
ANM-0017,2026-09-13 07:14,منطقه ۱۷ (آذری),هزینه تعمیر بالاتر از حد آستانه,متوسط,0.693,در حال بررسی,35
ANM-0003,2026-09-13 03:14,منطقه ۹ (مهرآباد),هزینه تعمیر بالاتر از حد آستانه,متوسط,0.738,حل شده,34
ANM-0024,2026-09-09 17:14,منطقه ۵ (پونک/جنت‌آباد),تاخیر در تصمیم‌گیری بیش از SLA,متوسط,0.815,حل شده,6
ANM-0001,2026-09-09 11:14,منطقه ۵ (پونک/جنت‌آباد),افزایش ناگهانی نرخ بازگشت ترانس در منطقه,پایین,0.741,جدید,24
ANM-0020,2026-09-08 14:14,منطقه ۹ (مهرآباد),افزایش زمان چرخه لجستیک معکوس,متوسط,0.583,جدید,12
ANM-0013,2026-09-06 01:14,منطقه ۱۱ (انقلاب),افزایش زمان چرخه لجستیک معکوس,بحرانی,0.734,حل شده,8
ANM-0027,2026-09-05 14:14,منطقه ۲۰ (شهرری),تاخیر در تصمیم‌گیری بیش از SLA,متوسط,0.754,جدید,18
ANM-0015,2026-09-05 13:14,منطقه ۳ (ونک/الهیه),افزایش ناگهانی نرخ بازگشت ترانس در منطقه,بالا,0.691,در حال بررسی,32
ANM-0019,2026-09-04 18:14,منطقه ۲۰ (شهرری),افزایش زمان چرخه لجستیک معکوس,پایین,0.867,در حال بررسی,7
ANM-0014,2026-09-02 20:14,منطقه ۱۲ (بازار),افزایش زمان چرخه لجستیک معکوس,متوسط,0.65,در حال بررسی,7
ANM-0011,2026-09-01 17:14,منطقه ۵ (پونک/جنت‌آباد),کاهش غیرعادی امتیاز سلامت دسته‌ای,متوسط,0.85,جدید,36
