point_id,region,name,lat,lon,pending_assets,priority,window_start,window_end
CP-R01,منطقه ۱ (تجریش/نیاوران),مرکز جمع‌آوری منطقه ۱,35.81112,51.43937,10,بالا,08:00,16:00
CP-R02,منطقه ۲ (سعادت‌آباد),مرکز جمع‌آوری منطقه ۲,35.77643,51.37206,20,بالا,08:00,16:00
CP-R03,منطقه ۳ (ونک/الهیه),مرکز جمع‌آوری منطقه ۳,35.74844,51.40189,11,بالا,08:00,16:00
CP-R04,منطقه ۴ (تهرانپارس),مرکز جمع‌آوری منطقه ۴,35.74166,51.51103,22,پایین,08:00,16:00
CP-R05,منطقه ۵ (پونک/جنت‌آباد),مرکز جمع‌آوری منطقه ۵,35.75674,51.32506,15,متوسط,08:00,16:00
CP-R06,منطقه ۶ (یوسف‌آباد),مرکز جمع‌آوری منطقه ۶,35.72589,51.40527,15,بالا,08:00,16:00
CP-R07,منطقه ۷ (بهار/شریعتی),مرکز جمع‌آوری منطقه ۷,35.72491,51.43492,10,پایین,08:00,16:00
CP-R08,منطقه ۸ (تهران‌نو),مرکز جمع‌آوری منطقه ۸,35.73458,51.50496,11,متوسط,08:00,16:00
CP-R09,منطقه ۹ (مهرآباد),مرکز جمع‌آوری منطقه ۹,35.68795,51.31421,9,بالا,08:00,16:00
CP-R10,منطقه ۱۰ (آزادی),مرکز جمع‌آوری منطقه ۱۰,35.69043,51.36843,9,متوسط,08:00,16:00
CP-R11,منطقه ۱۱ (انقلاب),مرکز جمع‌آوری منطقه ۱۱,35.69279,51.39346,12,پایین,08:00,16:00
CP-R12,منطقه ۱۲ (بازار),مرکز جمع‌آوری منطقه ۱۲,35.67866,51.41854,22,متوسط,08:00,16:00
CP-R13,منطقه ۱۳ (پیروزی),مرکز جمع‌آوری منطقه ۱۳,35.70183,51.48468,3,بالا,08:00,16:00
CP-R14,منطقه ۱۴ (نبرد),مرکز جمع‌آوری منطقه ۱۴,35.6703,51.46628,8,پایین,08:00,16:00
CP-R15,منطقه ۱۵ (خاوران),مرکز جمع‌آوری منطقه ۱۵,35.64444,51.4623,22,متوسط,08:00,16:00
CP-R16,منطقه ۱۶ (علی‌آباد),مرکز جمع‌آوری منطقه ۱۶,35.63302,51.40672,12,پایین,08:00,16:00
CP-R17,منطقه ۱۷ (آذری),مرکز جمع‌آوری منطقه ۱۷,35.66872,51.35274,10,بالا,08:00,16:00
CP-R18,منطقه ۱۸ (یافت‌آباد),مرکز جمع‌آوری منطقه ۱۸,35.63976,51.29518,13,پایین,08:00,16:00
CP-R19,منطقه ۱۹ (عبدالله‌آباد),مرکز جمع‌آوری منطقه ۱۹,35.62509,51.36443,5,بالا,08:00,16:00
CP-R20,منطقه ۲۰ (شهرری),مرکز جمع‌آوری منطقه ۲۰,35.58282,51.44754,8,متوسط,08:00,16:00
CP-R21,منطقه ۲۱ (تهرانسر),مرکز جمع‌آوری منطقه ۲۱,35.69362,51.25595,17,بالا,08:00,16:00
CP-R22,منطقه ۲۲ (چیتگر),مرکز جمع‌آوری منطقه ۲۲,35.73914,51.19657,3,پایین,08:00,16:00
CP-X01,منطقه ۱۶ (علی‌آباد),پست سیار منطقه ۱۶ - 1,35.62633,51.3867,7,متوسط,07:30,15:30
CP-X02,منطقه ۱ (تجریش/نیاوران),پست سیار منطقه ۱ - 2,35.81088,51.43622,3,متوسط,07:30,15:30
CP-X03,منطقه ۳ (ونک/الهیه),پست سیار منطقه ۳ - 3,35.74188,51.39451,3,پایین,07:30,15:30
CP-X04,منطقه ۱ (تجریش/نیاوران),پست سیار منطقه ۱ - 4,35.78729,51.44395,10,متوسط,07:30,15:30
CP-X05,منطقه ۱۶ (علی‌آباد),پست سیار منطقه ۱۶ - 5,35.64848,51.38234,10,بالا,07:30,15:30
CP-X06,منطقه ۱۶ (علی‌آباد),پست سیار منطقه ۱۶ - 6,35.64241,51.38339,4,متوسط,07:30,15:30
CP-X07,منطقه ۴ (تهرانپارس),پست سیار منطقه ۴ - 7,35.75615,51.53628,1,بالا,07:30,15:30
CP-X08,منطقه ۱۹ (عبدالله‌آباد),پست سیار منطقه ۱۹ - 8,35.62793,51.37705,11,متوسط,07:30,15:30
