month,gregorian,return_to_grid_pct,avg_cycle_days,emergency_repair_cost_idx,recycled_value_rial,assets_processed,anomaly_alerts,model_accuracy_pct
2024-01,2024-01,38.7,31.3,99.5,936239672,144,9,76.2
2024-01,2024-01,39.5,31.0,98.4,950638790,235,14,75.9
2024-03,2024-03,40.4,30.6,97.7,983529130,172,5,76.6
2024-03,2024-03,41.0,30.2,96.7,1017808026,233,3,78.3
2024-04,2024-04,41.6,29.9,96.2,1046087361,188,6,79.3
2024-05,2024-05,42.2,29.4,95.6,1080783053,144,10,79.5
2024-06,2024-06,43.1,28.6,94.6,1101354366,145,3,79.6
2024-07,2024-07,44.0,27.9,93.6,1140440257,233,6,80.8
2024-08,2024-08,45.1,27.3,92.4,1166055930,109,11,81.5
2024-09,2024-09,46.3,26.7,91.2,1208901115,197,12,81.1
2024-10,2024-10,47.1,26.4,89.9,1256461975,201,7,81.9
2024-11,2024-11,47.6,25.7,89.1,1276624641,171,5,83.2
2024-12,2024-12,48.3,25.4,87.8,1330820297,140,2,84.2
2025-01,2025-01,49.4,24.9,87.1,1359107982,216,9,84.9
2025-02,2025-02,50.5,24.2,85.8,1405536433,101,6,84.9
2025-03,2025-03,51.3,23.8,85.3,1455944969,197,3,85.7
2025-04,2025-04,52.1,23.2,84.5,1498570342,121,9,86.4
2025-05,2025-05,52.8,22.4,83.6,1548187011,133,11,87.7
2025-06,2025-06,53.9,21.6,82.9,1573034599,173,11,87.3
2025-07,2025-07,54.6,20.7,81.8,1600485813,188,5,87.8
2025-08,2025-08,55.1,20.1,80.6,1665768536,237,2,89.7
2025-09,2025-09,55.6,19.6,79.9,1708683476,162,2,90.3
2025-10,2025-10,56.5,18.8,79.0,1735793000,237,2,89.6
2025-11,2025-11,57.3,18.1,78.3,1799422462,208,6,91.4
